SKU,Product Name,Product Description,External Image URL,Wordpress Media Library URL
370150,Adidas Tour 36 XT PrimeKnit Shoe,,,
370151,Adidas Codechaos Sport Shoe,,,
370152,Adidas Codechaos Shoe,,,
371401,Ecco Cool Pro,,,
371402,Ecco Biom Hybrid 3,,,
371408,Ecco Golf S-Three,,,
371752,FJ Contour Series Shoe,,,
371753,FJ Pro SL Carbon Shoe,,,
371770,FJ Tour X Shoe,,,
371771,FJ Flex XP Shoe,,,
371773,FJ Contour Casual,,,
372908,G/Fore Camo Gallivanter,,,
372909,G/Fore MG4.1,,,
373501,Nike Roshe,,,
373503,Nike Roshe G Tour Shoe,,,
373513,Nike AirMax 1 G,,,
377803,Puma Ignite NXT Disc,,,
471400,Ecco 100543 Biom Hybrid,,,
471404,Ecco 102903 S-Three,,,
471410,Ecco Biom Hybrid 3,,,
471751,FJ Sandal,,,
471752,FJ Sport Retro Shoe,,,
471755,FJ Leisure Spikeless,,,
471758,FJ Flex Spikeless Shoe,,,
473503,Nike Air Max 1 Golf Shoe,,,
473504,Nike Cortez Golf Shoe,,,
473505,Nike Wmns Roshe Golf Shoe,,,
477801,Puma Monolite Cat Shoe,,,
477805,Puma Laguna Sport Shoe,,,
481750,FootJoy Ladies Weather Sof,,,
481774,FootJoy Sta Cooler Glove,,,
21600,Champion JR Eco Fleece Hoodie,,,
21900,LiL Ruche Tier Skort,,,
21901,LiL Pleats Please Skort,,,
21902,LiL Ruche Tank,,,
22750,UnderArmour Boys Tour Cap,,,
22760,UnderArmour Showdown Pant JR,,,
22761,UnderArmour Playoff Polo JR,,,
22764,UnderArmour Webbing Belt JR,,,
22765,UnderArmour Storm Woven 1/2 Zip JR,,,
22766,UnderArmour Showdown Short JR,,,
22768,UnderArmour Performance Polo 2.0 JR,,,
23502,Nike Boys FLX Pant,,,
23503,Nike Cap Core,,,
23504,Nike Boys Stripe Victory Polo,,,
23505,Nike Boys FLX Short,,,
23507,Nike Roshe JR Shoe,,,
23510,Nike Boys Victory Polo,,,
23513,Nike Girls LS Pullover,,,
23517,Nike Boys Thermal Cover-Up,,,
23518,Nike Boys Sport Print Polo,,,
23525,Nike Girls SS Victory Polo,,,
23529,Nike Girls Printed Skort,,,
23530,Nike Girls Dri-Fit Skirt,,,
25100,Taylormade Junior Hat,,,
25200,Titleist JR Rope Hat,,,
27803,Puma JR Links Polo,,,
27804,Puma JR P Cap,,,
27805,Puma JR Full Zip Jacket,,,
27809,Puma Boys 5 Pocket Pant,,,
27810,Puma JR Taylor Polo,,,
27811,Puma JR Slow Play Polo,,,
27814,Puma JR Road Map Polo,,,
27828,Puma JR Utility Patch Cap,,,
27829,Puma Girls Heather Polo,,,
27831,Puma Girls Links Polo,,,
27833,Puma Girls Knit Skirt,,,
27836,Puma JR Girls Cap,,,
27837,Puma Girls SL Floral Polo,,,
27844,Puma Girls SS Floral Polo,,,
27845,Puma JR Grip Fusion 2.0 Shoe,,,
27849,Puma Girls Short,,,
110701,Callaway SuperSoft Wht - Sleeve,,,
110702,Callaway SuperSoft Green -Sleeve,,,
110703,Callaway SuperSoft Pink - Sleeve,,,
110718,Callaway Supersoft Orng - Sleeve,,,
110720,Callaway ERC Soft - Sleeve,,,
110721,Callaway SuperSoft Red - Sleeve,,,
110723,Callaway ERC Soft YLW Triple Track,,,
115102,TaylorMade TP5 - Sleeve,,,
115103,TaylorMade TP5x - Sleeve,,,
115216,Titleist ProV1 2019 - Sleeve,,,
115217,Titleist ProV1X 2019 - Sleeve,,,
115218,Titleist ProV1 Yellow 19' - Sleeve,,,
115221,Titleist Pro V1X Yellow - sleeve,,,
115238,Titleist Tour Soft White '20 Sleeve,,,
115239,Titleist TruFeel White '20 Sleeve,,,
115240,Titleist Tour Soft YLW '20 Sleeve,,,
115243,Titleist TruFeel YLW '20 Sleeve,,,
115244,Titleist TruFeel Red '20 Sleeve,,,
115245,Titleist Velcocity White '20 Sleeve,,,
115246,Titleist Velocity ORNG '20 Sleeve,,,
115247,Titleist Velocity Pink '20 Sleeve,,,
115248,Titleist Velocity Green '20 Sleeve,,,
115249,Titleist AVX White '20 Sleeve,,,
120700,Callaway Solaire 11 pc Set,,,
120709,Callaway Mavrik Pro Graph Irons,,,
120958,Cobra FMax3 Combo Irons,,,
120959,Cobra T Rail Combo Set,,,
120960,Cobra Speedzone Combo Irons,,,
120961,Cobra King Tec One Length Iron,,,
124050,Ping G LE2 Combo Irons,,,
124098,Ping G710 Irons Steel,,,
125208,Titleist U500 Utility Iron,,,
130710,Callaway Mavrik Driver,,,
130711,Callaway Mavrik Subzero Driver,,,
130711,Callaway Mavrik Fairway Wood,,,
130712,Callaway Mavrik Max Driver,,,
130712,Callaway Mavrik Max Fairway Wood,,,
130712,Callaway Mavrik Hybrid,,,
130713,Callaway Mavrik Super Hybrid,,,
130714,Callaway Mavrik Max Hybrid,,,
130962,Cobra FMax3 Driver,,,
130963,Cobra Speedzone Driver,,,
130964,Cobra FMax3 Fairway Wood,,,
130965,Cobra Speedzone Fairway Wood,,,
130966,Cobra Speedzone Hybrid,,,
134050,Ping G410 Driver,,,
134051,Ping G410 Fwy,,,
134069,Ping G410 Hybrid,,,
134080,Ping Gle2 Driver,,,
135129,TaylorMade SIM Driver,,,
135130,TaylorMade SIM Hybrid,,,
135131,TaylorMade SIM Fairway,,,
135132,TaylorMade SIM Max Driver,,,
135208,Titleist TS2 Hybrid,,,
140707,Callaway MD5 Jaws Wedge,,,
140708,Callaway MD5 Wedge Graphite,,,
140953,Cobra MIM Wedge,,,
144052,Ping Glide 3.0 wedge - steel,,,
145205,Titleist Vokey SM8 Wedge,,,
153702,Odyssey StrokeLab 19' Putter,,,
153708,Odyssey Strk Lab Trip Track Mallet,,,
154067,Ping Gle2 Shea Putter Adj.,,,
155108,TaylorMade Spider X,,,
155202,Scotty Cameron Phantom,,,
155205,Scotty Cameron '20 Special Select Putter,,,
200717,Callaway Org 14 Cart Bag,,,
200719,Callaway Org 7 Cart Bag,,,
203778,Ogio '20 Starla Cart Bag,,,
203779,Ogio '20 Fuse Stand Bag,,,
203780,Ogio '20 Fuse Cart 14 Bag,,,
204051,Ping Hoofer 14 Carry Bag,,,
204052,Ping Hooferlite Carry Bag,,,
204053,Ping Traverse Cart Bag,,,
204060,Ping Moonlite Bag,,,
205100,TaylorMade Flex Tech Lite Stand Bag,,,
205102,TaylorMade 20 Cart Lite Bag,,,
205105,TaylorMade '20 Supreme Cart Bag,,,
205108,TaylorMade FlexTech Crossover,,,
205109,TaylorMade LiteTech 3.0,,,
205208,Titleist Sunday Bag,,,
205209,Titleist Players 4 Plus Stand Bag,,,
205210,Titleist Players 4 Stand Bag,,,
205211,Titleist Cart 14 LTW Bag,,,
210150,Adidas Golf Gym Bag,,,
210151,Adidas Golf Backpack,,,
213762,Ogio XIX Backpack,,,
213763,Ogio XIX Tote Bag,,,
214051,Ping Folding Travel Bag,,,
217801,Puma Sport Tote,,,
217802,Puma ValUnderArmourbles Pouch,,,
220700,Callaway Cart Towel,,,
221700,Footjoy Nylon Shoe Bag,,,
221701,Footjoy DryJoy Umbrella,,,
222650,Double Circle Driver Headcover,,,
222651,Double Circle FW Headcover,,,
222652,Double Circle Hybrid Headcover,,,
222750,UnderArmour Umbrella,,,
223800,MKRAK Asbri Tri-Fold Towel,,,
224053,Ping Ladies Umbrella,,,
224054,Ping Tour Umbrella,,,
225200,Titleist Single Canopy Umbrella,,,
225204,Titleist Players Towel,,,
225205,Titleist St Patrick Day Headcover,,,
227800,Puma Shoe Bag,,,
261803,G&G Cart Glove,,,
262103,Battery CR2 - for Range Finders,,,
263050,SunAndSnow Lip Balm,,,
263051,SunAndSnow Sun Block Spray,,,
263052,HotShots Hand Warmers,,,
263801,MKRAK Asbri Ball Stamper,,,
300154,Adidas 3 Stripe Basic Polo,,,
300156,Adidas Sport Aero Polo,,,
300157,Adidas ULT 365 Pencil Stripe Polo,,,
300158,Adidas ULT 365 Full YR,,,
300159,Adidas ULT 365 Bos Polo,,,
300160,Adidas ULT 365 Heather Polo,,,
300161,Adidas Sport LS Polo,,,
300162,Adidas ULT 365 Blocked Polo,,,
300163,Adidas ULT 365 Blocked Print Polo,,,
301002,Galvin Green Marty Tour Polo,,,
301019,Galvin Green Malone Polo,,,
301020,Galvin Green Mick Polo,,,
301021,Galvin Green Mario Polo,,,
301760,Footjoy Lisle Space Dye Microstripe Polo,,,
301761,Footjoy Lisle Flower Print Polo,,,
301762,Footjoy Double Block Birdseye Polo,,,
301763,Footjoy Birdseye Argyle Print Polo,,,
301764,Footjoy JacqUnderArmourrd Top Color Block Polo,,,
301765,Footjoy Lisle Flock of Birds Print Polo,,,
301766,Footjoy Lisle Stripe Leaf Print Polo,,,
301767,Footjoy Baby Pique with Print Trim Polo,,,
301768,Footjoy Lisle Solid Contrast Trim Polo,,,
301769,Footjoy Lisle X Print Polo,,,
301770,Footjoy Lisle Feeder Stripe Polo,,,
302601,Lululemon Evolution Polo,,,
302750,UnderArmour Iso-Chill Gradient Polo,,,
302753,UnderArmour Playoff Blocked Polo,,,
302759,UnderArmour Vanish Chest Stripe Polo,,,
302760,UnderArmour Vanish Polo,,,
302762,UnderArmour Iso-Chill JacqUnderArmourrd Polo,,,
302763,UnderArmour Playoff Polo 2.0,,,
306355,Travis Mathew T-Shirt,,,
306376,Travis Mathew Polo 20-1,,,
306378,Travis Mathew Polo 20-2,,,
306382,Travis Mathew Polo 20-3,,,
307154,J Lindeberg Nash TX JaqUnderArmourrd,,,
307171,J Lindeberg Signature KV Tx Jersey,,,
307174,J Lindeberg Kade TX JaqUnderArmourrd,,,
307176,J Lindeberg Phoenix TX Coolmax,,,
307177,J Lindeberg Joaquin TX JaqUnderArmourrd,,,
307180,J Lindeberg Jax TX Coolmax,,,
307181,J Lindeberg Beau TX Jersey,,,
307183,J Lindeberg Alan TX Jersey,,,
307184,J Lindeberg Clark TX Jersey,,,
307185,J Lindeberg Heath TX Jersey,,,
307186,J Lindeberg Theo TX JaqUnderArmourrd,,,
307187,J Lindeberg Malte Club Pique,,,
307188,J Lindeberg Loui TX Jersey,,,
307189,J Lindeberg Alfred 2-Tone,,,
307190,J Lindeberg Pine TX Jersey,,,
307191,J Lindeberg Stan Club Pique,,,
307805,Puma Alterknit Texture Polo,,,
307806,Puma Rancho Polo,,,
307807,Puma Coaster Polo,,,
307808,Puma Champions Polo,,,
307809,Puma Road Map Polo,,,
307810,Puma Taylor Polo,,,
307811,Puma Fusion Dot Polo,,,
307812,Puma Variegated Stripe Polo,,,
307813,Puma Slow Play Polo,,,
307814,Puma Palms Polo,,,
307823,Puma Twelve Polo,,,
307834,Puma Sweetness Polo,,,
307835,Puma Pars and Stripes Polo,,,
307836,Puma Slow Play Pocket Polo,,,
307837,Puma Lux Tipped Polo,,,
307838,Puma Lux Skull Polo,,,
310152,Adidas Ultimate Pant,,,
310153,Adidas Ultimate 365 Short,,,
311003,Galvin Green Paolo Shorts,,,
311750,Footjoy Performance Pants Slim Fit,,,
311751,Footjoy Performance Shorts,,,
312600,Lululemon ABC Pant,,,
312601,Lululemon Commission Pant Slim,,,
312751,UnderArmour Showdown Short,,,
314150,Heritage 34 Twill Pant,,,
316353,Travis Mathew Beck Short,,,
317156,J Lindeberg Ellott Micro Stretch Pant,,,
317158,J Lindeberg Somle Short,,,
317806,Puma Jackpot 5 Pocket Pant,,,
317807,Puma Jackpot Short,,,
317809,Puma Weekender 101 Short,,,
320156,Adidas LTWT UPF Layering Pullover,,,
320157,Adidas 3STR Mid Layering Pullover,,,
321008,Galvin Green Declan Insula,,,
321009,Galvin Green Dwight Insula,,,
321010,Galvin Green Drake Insula,,,
321751,Footjoy Base Layer,,,
321756,Footjoy Lined Merino Sweater,,,
321757,Footjoy Tonal Heather Half Zip,,,
322752,UnderArmour Sweater Fleece 1/2 Zip,,,
322754,UnderArmour Storm Midlayer,,,
322756,UnderArmour Playoff 2.0 1/4 Zip Pullover,,,
322758,UnderArmour Compression Base Layer,,,
323000,Levelwear Vandal Pullover,,,
323001,Levelwear Peak Pullover,,,
323002,Levelwear Shift Hoodie,,,
324952,SunIce Alexander Pullover,,,
326366,Travis Mathew Transitions 1/4 Zip,,,
326367,Travis Mathew Riot Act 1/4 Zip,,,
327000,Polo Fine Gauge Terry 1/2 Zip,,,
327010,Polo Stretch Peached Jersey Swtr,,,
327152,J Lindeberg Jello Midlayer,,,
327154,J Lindeberg Aello Compression,,,
327804,Puma Rotation 1/4 Zip,,,
327806,Puma Mapped 1/4 Zip,,,
327809,Puma Lux Sweater,,,
330150,Adidas Warp Knit 1/4 Zip,,,
331010,Galvin Green Arthur Rain Pant,,,
331011,Galvin Green Aaron Jacket,,,
331012,Galvin Green Lyon Jacket,,,
331750,Footjoy SS Sport Windshirt,,,
331754,Footjoy Hydroknit Pullover,,,
331755,Footjoy Thermal Midlayer,,,
331756,Footjoy LS Sport Windshirt,,,
331757,Footjoy DryJoy Tour LTS Rain Pant,,,
331758,Footjoy DryJoy LTS Rain Jacket,,,
333000,Levelwear Milo Vest,,,
333506,Nike SHLD Victory Jkt Half Zip,,,
334950,SunIce Sullivan SS Pullover,,,
334951,SunIce Chad Jacket,,,
334974,Sunice Rob Zephal Wtp Pant,,,
337151,J Lindeberg Deboss Wind Jacket,,,
341602,Champion Eco Fleece Hoodie,,,
341603,Champion Eco Fleece Crew Sweater,,,
342500,Bn3th Boxer,,,
342600,Lululemon 1/2 Zip Metal Vent Tech,,,
342602,Lululemon SS Metal Vent Tech,,,
342603,Lululemon LS Metal Vent Tech,,,
350151,Adidas Reversible Web Belt,,,
350152,Adidas Heather Web Belt,,,
351700,Footjoy TechSof Tour Sock,,,
351701,Footjoy TechSof Tour Crew Sock,,,
352751,UnderArmour Webbing 2.0 Belt,,,
357150,J Lindeberg Bernhard Braided Belt,,,
357151,J Lindeberg Archive Brushed Leather Belt,,,
357800,Puma Ultralite Stretch Belt,,,
357808,Puma Reversible Web Belt,,,
360150,Adidas Bold Stripe Hat,,,
360150,Adidas Golf Tour Hat,,,
360150,Adidas Golf Digital Print Hat,,,
360151,Adidas Sun Hat,,,
360701,Callaway Pom Pom Beanie,,,
360702,Callaway Stripe Mesh Hat,,,
360705,Callaway Cap,,,
360706,Callaway Bucket Hat,,,
361700,Footjoy DryJoy Bucket Hat,,,
361701,Footjoy Winter Toque,,,
362750,UnderArmour Golf Cap,,,
364055,Ping Mens Cap,,,
365103,TaylorMade Performence Seeker Hat,,,
365110,TaylorMade Tour Tech Hat,,,
365111,TaylorMade Tour Radar 20 Cap,,,
365112,TaylorMade Original Trucker Cap,,,
365200,Titleist Cap,,,
365202,Titleist Winter Hat,,,
365204,Titleist St Patrick Day Hat,,,
365205,Titleist Tour Sport Mesh Hat,,,
366350,Travis Mathew Hat,,,
367152,J Lindeberg Angus Tech Stretch Cap,,,
367800,Puma Men's Cap,,,
367801,Puma Pounce Cap,,,
367803,Puma Bucket Hat,,,
370150,Adidas Tour 36 XT PrimeKnit Shoe,,,
370151,Adidas Codechaos Sport Shoe,,,
370152,Adidas Codechaos Shoe,,,
371401,Ecco Cool Pro,,,
371402,Ecco Biom Hybrid 3,,,
371408,Ecco Golf S-Three,,,
371752,Footjoy Contour Series Shoe,,,
371753,Footjoy Pro SL Carbon Shoe,,,
371770,Footjoy Tour X Shoe,,,
371771,Footjoy Flex XP Shoe,,,
371773,Footjoy Contour CasUnderArmourl,,,
372908,G/Fore Camo Gallivanter,,,
372909,G/Fore MG4.1,,,
373501,Nike Roshe,,,
373503,Nike Roshe G Tour Shoe,,,
373513,Nike AirMax 1 G,,,
377803,Puma Ignite NXT Disc,,,
381751,FootJoy Junior Glove,,,
381792,FootJoy Mens ProFLX Glove,,,
381793,FootJoy Men Weather Sof Glove,,,
381795,FootJoy Rain Grip Gloves,,,
381798,Footjoy Cart Mitts,,,
384052,Ping Cart Gloves (Pair),,,
385200,Titleist Cart Mitts,,,
402752,UnderArmour Zinger SL Polo,,,
402753,UnderArmour Zinger SL Blocked Polo,,,
402754,UnderArmour Zinger SS Polo,,,
402755,UnderArmour Zinger SS Blocked Polo,,,
402756,UnderArmour Zinger Zip Polo,,,
403531,Nike BV6233 SL Fairway Polo,,,
406108,Dexim 20101 SS Polo,,,
406109,Dexim 20102 SS Polo,,,
406110,Dexim 20103 SS Polo,,,
406111,Dexim 20201 SL Polo,,,
406112,Dexim 20202 SL Polo,,,
406113,Dexim 20203 SL Polo,,,
407500,Annika Frequency SL Zip Polo,,,
407501,Annika Dimension Clrblk SL Polo,,,
407502,Annika Fearless SL Zip Polo,,,
407503,Annika Driver SS Zip Polo,,,
407504,Annika LS Solar GUnderArmourrd Silver,,,
407505,Annika Ambition Contour SL Polo,,,
407506,Annika Crush Stripe SS Zip Polo,,,
407507,Annika Frequency Polo,,,
407508,Annika Solar GUnderArmourrd LS Colorblock,,,
407554,Lija Duo Polo 1593G2,,,
407555,Lija Weekend Top 1651T2,,,
407556,Lija Haze Polo 1676G2,,,
407557,Lija Ellis Polo 1677G2,,,
407558,Lija Cos Polo 1682G2,,,
407802,Puma Heather Slub Polo,,,
407804,Puma Fusion Polo,,,
407806,Puma Daily Mockneck SL Polo,,,
407807,Puma Ombre SL Polo,,,
407808,Puma Floral SL Polo,,,
407809,Puma Roses Polo,,,
407823,Puma Mesh 1/4 Zip,,,
407824,Puma Vericals SL Polo,,,
412600,Lululemon On The Fly Pant,,,
412751,UnderArmour Links Skort,,,
412752,UnderArmour Links Short,,,
413512,Nike BV0250 Breathe Skirt,,,
416119,Dexim 20301 Skirt,,,
416120,Dexim 20302 Skirt,,,
416121,Dexim 20331 Knit Skirt,,,
416122,Dexim 20801 SS Dress,,,
416123,Dexim 20807 SS Dress,,,
416124,Dexim 20810 SL Dress,,,
417500,Annika Competitor Pull On Skort,,,
417501,Annika Solar GUnderArmourrd Print Skort,,,
417502,Annika Trophy Print Skort,,,
417554,Lija Flight Skort 4576G2,,,
417555,Lija Printed Flight Skort 4580G2,,,
417807,Puma SL Dress,,,
417808,Puma PWRSHAPE Floral Skirt,,,
417809,Puma PWRSHAPE Fashion Skirt,,,
417810,Puma PWRSHAPE Capri,,,
417811,Puma PWRSHAPE Geo Skirt,,,
422751,UnderArmour Storm WindStrike Full Zip,,,
422755,UnderArmour Storm SweaterFleece,,,
424954,SunIce 72503 Elena Jacket,,,
424955,SunIce 77503 Dakota Pullover,,,
427500,Annika Dimension LS Half Zip,,,
427501,Annika Direction Pullover Sweater,,,
427502,Annika Trophy Print Half Zip,,,
427800,Puma Warm Up 1/4 Zip,,,
427806,Puma Crewneck Zip Fleece Swtr,,,
434950,SunIce 42506 Robin Jacket,,,
434951,SunIce 64506 Maci Vest,,,
434962,SunIce 42505 Onassis Jacket,,,
434965,SunIce 46501 Janie Rain Pant,,,
434967,SunIce 62507 Ella Thermal Jkt,,,
437500,Annika Propel Hybrid Jacket,,,
437550,Lija Nitra Trail Jkt 6522T2,,,
437551,Lija Sonic Vest 6520T2,,,
437552,Lija Celia Jacket 6523T2,,,
442601,Lululemon Wunder Under HR Tight,,,
442602,Lululemon Energy Bra,,,
442605,Lululemon LS Swiftly Tech Crew,,,
442619,Lululemon Align Pant II,,,
442628,"Lululemon Speed Up Tight 28""",,,
451753,Footjoy ProDry Roll Tab Sock,,,
451754,Footjoy ProDry LowCut Sock,,,
452750,UnderArmour Reversible Web Belt,,,
460701,Callaway Pom Pom Beanie,,,
460702,Callaway Ladies Visor,,,
460703,Callaway Straw Sun Hat,,,
461800,G&G Logo Hats,,,
462750,UnderArmour Wmns Golf Cap,,,
464051,Ping Ladies Visor,,,
464052,Ping Ladies Knit,,,
467801,Puma Wmns Daily Cap,,,
471400,Ecco 100543 Biom Hybrid,,,
471404,Ecco 102903 S-Three,,,
471410,Ecco Biom Hybrid 3,,,
471751,Footjoy Sandal,,,
471752,Footjoy Sport Retro Shoe,,,
471755,Footjoy Leisure Spikeless,,,
471758,Footjoy Flex Spikeless Shoe,,,
473503,Nike Air Max 1 Golf Shoe,,,
473504,Nike Cortez Golf Shoe,,,
473505,Nike Wmns Roshe Golf Shoe,,,
477801,Puma Monolite Cat Shoe,,,
477805,Puma Laguna Sport Shoe,,,
481750,FootJoy Ladies Weather Sof,,,
481774,FootJoy Sta Cooler Glove,,,
